visitors,ad_impressions,major_sports_event,genre,dayofweek,season,views_trailer,views_content
1.67,1113.81,0,Horror,Wednesday,Spring,56.7,0.51
1.46,1498.41,1,Thriller,Friday,Fall,52.69,0.32
1.47,1079.19,1,Thriller,Wednesday,Fall,48.74,0.39
1.85,1342.77,1,Sci-Fi,Friday,Fall,49.81,0.44
1.46,1498.41,0,Sci-Fi,Sunday,Winter,55.83,0.46
1.61,1588.38,1,Thriller,Sunday,Fall,49.72,0.36
1.8,1311.96,1,Others,Thursday,Fall,48.15,0.44
1.58,1690.43,0,Horror,Friday,Fall,56.11,0.44
1.7,1498.41,1,Drama,Friday,Winter,51.91,0.36
1.78,1336.16,0,Action,Wednesday,Summer,48.22,0.51
1.69,1079.19,1,Drama,Wednesday,Spring,52.55,0.39
1.62,2122.33,0,Sci-Fi,Wednesday,Winter,52.52,0.47
2.02,1246.03,1,Others,Friday,Spring,52.45,0.42
1.55,1010.87,1,Drama,Friday,Winter,190.02,0.57
1.5,1229.35,1,Others,Wednesday,Winter,59.46,0.34
1.61,1700.04,1,Horror,Monday,Fall,52.24,0.32
1.85,1590.19,0,Thriller,Wednesday,Fall,195.31,0.74
1.59,1420.88,1,Sci-Fi,Saturday,Spring,54.71,0.43
1.79,1686.75,1,Sci-Fi,Saturday,Winter,161.56,0.65
1.7,1714.73,0,Comedy,Friday,Summer,55.16,0.4
1.7,1246.03,0,Others,Wednesday,Spring,54.4,0.55
1.33,1614.01,0,Thriller,Wednesday,Fall,52.63,0.41
1.41,1383.58,0,Comedy,Saturday,Summer,192.32,0.78
1.68,1972.77,0,Sci-Fi,Saturday,Summer,50.79,0.43
1.44,1830.39,0,Horror,Friday,Fall,56.64,0.37
1.63,1714.73,0,Sci-Fi,Wednesday,Winter,56.27,0.51
1.5,1210.33,0,Others,Wednesday,Winter,56.52,0.42
1.59,1172.7,1,Sci-Fi,Thursday,Winter,124.43,0.59
1.78,1361.12,1,Others,Friday,Winter,129.2,0.55
1.25,1710.1,1,Others,Saturday,Spring,54.49,0.37
2.03,1031.85,0,Sci-Fi,Wednesday,Fall,51.83,0.46
1.76,1161.18,0,Others,Thursday,Spring,55.13,0.55
1.7,1284.86,1,Action,Friday,Summer,100.65,0.51
1.81,1342.77,0,Horror,Wednesday,Winter,54.0,0.45
1.7,1623.67,0,Others,Friday,Fall,45.42,0.43
1.81,1498.41,0,Action,Friday,Summer,52.16,0.4
1.49,1145.37,1,Thriller,Wednesday,Spring,49.63,0.4
1.72,1231.3,0,Comedy,Thursday,Summer,54.07,0.39
1.74,2122.33,1,Drama,Thursday,Winter,100.46,0.48
1.81,1590.19,0,Comedy,Saturday,Summer,52.63,0.53
1.35,1388.28,0,Sci-Fi,Friday,Winter,54.56,0.45
1.72,1701.97,0,Romance,Tuesday,Fall,56.78,0.45
2.34,1216.54,0,Romance,Friday,Winter,122.94,0.7
1.46,1189.26,1,Drama,Wednesday,Spring,130.95,0.58
1.7,1439.04,0,Romance,Thursday,Winter,59.05,0.41
1.82,1246.03,0,Drama,Tuesday,Winter,54.67,0.44
1.35,1557.2,1,Others,Friday,Winter,49.9,0.32
2.14,2122.33,1,Horror,Friday,Spring,91.49,0.6
1.73,1701.97,0,Horror,Wednesday,Spring,48.91,0.49
1.92,1342.77,1,Others,Friday,Spring,60.37,0.34
1.82,1477.62,0,Others,Wednesday,Fall,51.9,0.48
1.54,1623.67,1,Drama,Wednesday,Fall,50.94,0.36
1.25,1698.35,0,Action,Friday,Summer,106.3,0.52
1.98,1079.19,0,Horror,Friday,Fall,52.83,0.47
1.9,1336.16,0,Horror,Friday,Fall,57.18,0.49
1.41,1294.78,0,Romance,Friday,Spring,53.04,0.45
1.62,1113.81,1,Thriller,Thursday,Winter,57.73,0.37
1.62,1700.04,0,Action,Wednesday,Summer,50.82,0.47
1.67,1629.94,0,Action,Wednesday,Summer,53.87,0.51
1.25,1388.28,1,Action,Wednesday,Summer,193.46,0.75
1.63,1701.97,0,Romance,Thursday,Spring,48.48,0.41
1.92,1342.77,0,Sci-Fi,Friday,Winter,181.11,0.75
1.98,1741.52,0,Action,Friday,Summer,51.1,0.43
1.82,1639.83,0,Thriller,Friday,Spring,50.99,0.38
1.8,1152.29,1,Others,Thursday,Spring,52.26,0.44
1.44,1172.7,1,Thriller,Friday,Winter,47.11,0.41
1.46,1698.35,1,Sci-Fi,Friday,Winter,55.69,0.37
1.57,1590.19,1,Comedy,Wednesday,Summer,191.37,0.79
2.14,1229.35,0,Others,Tuesday,Winter,46.1,0.51
1.49,1498.41,0,Romance,Friday,Spring,72.08,0.43
1.75,1113.81,0,Comedy,Friday,Summer,57.48,0.49
1.73,1654.93,0,Drama,Wednesday,Summer,125.22,0.77
1.77,1700.04,0,Romance,Wednesday,Winter,54.98,0.51
1.7,1079.19,1,Comedy,Wednesday,Summer,52.03,0.52
1.76,1390.62,0,Others,Friday,Fall,48.8,0.27
1.93,1420.88,0,Sci-Fi,Wednesday,Fall,49.23,0.52
1.73,1639.83,1,Thriller,Friday,Winter,53.96,0.4
1.92,1972.77,0,Others,Thursday,Spring,51.53,0.47
1.81,1323.74,0,Action,Saturday,Summer,54.56,0.51
1.53,1525.32,0,Horror,Friday,Fall,54.0,0.29
1.39,1081.23,1,Sci-Fi,Thursday,Spring,172.77,0.63
1.68,1590.19,0,Horror,Friday,Winter,52.53,0.46
1.8,1342.77,0,Action,Friday,Summer,53.79,0.53
1.7,1992.53,0,Horror,Wednesday,Winter,30.34,0.39
1.73,1216.54,0,Action,Friday,Summer,33.51,0.34
1.33,1079.19,0,Drama,Sunday,Spring,57.29,0.42
1.54,1928.85,1,Sci-Fi,Sunday,Spring,53.19,0.45
1.76,1498.41,1,Sci-Fi,Saturday,Spring,52.14,0.44
1.39,1231.3,1,Drama,Friday,Winter,46.39,0.31
1.9,1588.38,0,Drama,Tuesday,Fall,50.09,0.47
1.9,1403.8,0,Romance,Friday,Fall,188.95,0.74
1.25,1067.64,0,Others,Tuesday,Spring,144.25,0.67
1.81,1119.9,0,Horror,Saturday,Spring,117.66,0.61
2.34,1972.77,0,Sci-Fi,Friday,Winter,49.47,0.52
1.55,1146.51,1,Others,Friday,Spring,53.63,0.34
1.8,1498.41,0,Others,Wednesday,Winter,47.81,0.41
1.33,1216.54,1,Comedy,Wednesday,Summer,185.5,0.72
2.03,1248.27,0,Romance,Wednesday,Winter,54.11,0.55
2.02,1329.48,0,Action,Wednesday,Summer,54.37,0.54
1.59,1357.74,1,Action,Wednesday,Summer,52.98,0.41
1.47,1359.8,1,Others,Sunday,Spring,55.12,0.33
1.63,1390.62,0,Others,Friday,Fall,56.45,0.39
1.48,1391.57,1,Drama,Friday,Summer,51.05,0.35
2.34,1189.26,0,Others,Friday,Fall,57.08,0.47
1.78,1557.2,1,Drama,Wednesday,Fall,58.97,0.42
1.82,1140.23,1,Romance,Wednesday,Winter,55.55,0.47
1.54,2424.2,0,Horror,Friday,Spring,133.64,0.72
1.36,1420.88,1,Others,Friday,Spring,55.94,0.36
1.85,1199.38,0,Others,Friday,Spring,50.6,0.45
1.7,1557.2,1,Drama,Wednesday,Spring,56.29,0.43
1.95,1113.81,0,Others,Thursday,Fall,51.05,0.35
1.92,1690.43,1,Romance,Friday,Spring,51.1,0.4
1.81,1229.35,1,Thriller,Friday,Fall,52.31,0.36
1.75,1140.23,1,Others,Sunday,Spring,61.98,0.57
1.92,1992.53,0,Thriller,Sunday,Winter,56.97,0.52
1.59,1113.81,0,Action,Sunday,Summer,54.06,0.49
1.82,1663.8,0,Others,Friday,Fall,51.15,0.42
1.39,1346.22,1,Others,Friday,Fall,63.13,0.29
1.49,2158.03,0,Drama,Wednesday,Winter,51.76,0.53
2.02,1321.7,0,Horror,Saturday,Fall,163.43,0.78
1.75,1200.65,1,Comedy,Wednesday,Summer,52.39,0.49
2.06,1992.53,0,Others,Friday,Spring,51.88,0.44
1.68,1216.54,1,Thriller,Monday,Winter,114.09,0.62
1.35,1311.96,0,Others,Thursday,Spring,54.39,0.35
1.82,1690.43,0,Sci-Fi,Wednesday,Winter,189.0,0.84
1.7,1928.85,0,Others,Friday,Winter,55.4,0.56
1.58,1525.32,0,Comedy,Wednesday,Summer,53.61,0.45
1.92,1391.57,0,Romance,Friday,Spring,49.02,0.42
1.9,1557.2,1,Sci-Fi,Wednesday,Winter,174.04,0.74
1.33,1336.16,1,Comedy,Thursday,Summer,50.9,0.35
1.81,1321.7,0,Others,Friday,Fall,53.25,0.34
1.74,1031.85,1,Thriller,Sunday,Fall,61.78,0.42
1.44,1701.97,0,Others,Wednesday,Spring,55.43,0.41
1.85,1623.67,1,Others,Sunday,Winter,54.15,0.47
1.27,1216.54,0,Comedy,Friday,Spring,52.22,0.34
1.76,1402.24,0,Horror,Wednesday,Fall,53.27,0.54
1.62,1403.8,0,Action,Wednesday,Summer,54.23,0.45
2.34,1701.97,0,Comedy,Wednesday,Summer,98.98,0.71
1.59,1146.51,0,Horror,Sunday,Fall,144.08,0.69
2.14,1654.93,0,Action,Wednesday,Summer,159.62,0.75
1.81,1359.8,0,Action,Friday,Summer,49.56,0.46
1.74,1398.05,0,Action,Wednesday,Summer,198.31,0.88
1.7,1083.48,1,Drama,Wednesday,Winter,179.49,0.63
1.78,1067.64,0,Thriller,Friday,Winter,52.88,0.46
1.73,1477.62,1,Sci-Fi,Friday,Spring,56.48,0.41
1.61,1199.38,1,Drama,Thursday,Spring,55.53,0.43
1.62,1469.85,1,Others,Monday,Fall,52.09,0.29
1.81,1060.86,0,Comedy,Wednesday,Summer,51.65,0.45
1.55,1710.1,1,Drama,Saturday,Spring,48.54,0.42
1.76,1390.62,0,Romance,Thursday,Winter,52.79,0.48
1.8,1113.81,1,Thriller,Friday,Winter,56.07,0.42
1.74,1189.32,0,Thriller,Sunday,Spring,51.56,0.49
1.68,1284.86,1,Horror,Friday,Spring,95.67,0.45
1.9,1200.65,0,Horror,Friday,Summer,54.95,0.49
1.59,1629.94,1,Others,Saturday,Fall,54.73,0.4
2.14,2122.33,0,Others,Saturday,Spring,52.09,0.5
1.7,1229.35,0,Others,Friday,Spring,166.6,0.78
1.9,1172.7,1,Others,Wednesday,Spring,50.74,0.46
1.35,1060.86,0,Sci-Fi,Friday,Winter,50.21,0.34
1.27,1346.22,1,Action,Wednesday,Summer,196.92,0.74
2.34,1972.77,0,Sci-Fi,Wednesday,Winter,52.88,0.55
2.19,1654.93,1,Sci-Fi,Saturday,Fall,89.94,0.61
2.02,1321.7,1,Horror,Wednesday,Fall,56.85,0.51
1.44,1199.38,1,Sci-Fi,Wednesday,Fall,48.84,0.32
1.39,1359.8,1,Romance,Wednesday,Fall,125.77,0.6
1.61,1992.53,1,Others,Friday,Spring,51.03,0.39
1.44,1402.24,0,Horror,Wednesday,Fall,52.07,0.47
1.75,1321.7,1,Horror,Monday,Fall,52.14,0.46
1.84,1323.74,0,Romance,Saturday,Spring,52.32,0.47
1.59,1231.3,0,Drama,Thursday,Winter,54.91,0.42
1.68,1714.73,0,Romance,Friday,Winter,195.64,0.71
1.68,1402.24,0,Drama,Friday,Winter,49.42,0.39
1.76,1525.32,0,Sci-Fi,Wednesday,Winter,51.51,0.49
1.75,1420.88,1,Horror,Wednesday,Winter,170.55,0.72
1.74,2122.33,0,Comedy,Saturday,Summer,52.15,0.53
1.57,1588.38,0,Thriller,Thursday,Winter,45.28,0.47
1.78,1525.32,0,Others,Wednesday,Fall,54.73,0.47
1.83,1189.32,0,Romance,Sunday,Fall,52.32,0.53
1.81,1083.48,1,Sci-Fi,Wednesday,Winter,49.36,0.42
1.58,1231.3,1,Others,Wednesday,Winter,50.09,0.54
1.62,1172.7,0,Drama,Wednesday,Fall,58.48,0.49
1.73,1629.94,1,Romance,Friday,Winter,52.19,0.34
1.7,2424.2,0,Sci-Fi,Friday,Winter,46.23,0.38
1.74,1741.52,0,Horror,Wednesday,Fall,116.13,0.65
1.69,1498.41,1,Romance,Friday,Fall,46.5,0.32
1.5,1629.94,0,Horror,Saturday,Winter,39.81,0.46
1.59,1119.9,0,Others,Wednesday,Fall,115.26,0.62
1.81,1557.2,0,Comedy,Thursday,Summer,54.79,0.5
1.62,1390.62,1,Romance,Friday,Winter,83.81,0.42
1.92,1398.05,1,Romance,Wednesday,Spring,51.0,0.37
1.67,1161.18,1,Romance,Friday,Summer,53.9,0.37
1.54,2158.03,1,Others,Thursday,Spring,56.07,0.44
1.61,1262.25,1,Horror,Saturday,Fall,55.09,0.4
1.55,1469.85,0,Others,Wednesday,Fall,105.54,0.52
1.44,1498.41,0,Sci-Fi,Saturday,Winter,66.28,0.51
1.46,1498.41,0,Drama,Wednesday,Fall,60.44,0.48
1.81,2162.24,0,Comedy,Wednesday,Summer,57.83,0.5
1.33,1140.23,0,Others,Friday,Spring,50.68,0.39
1.75,1663.8,1,Thriller,Wednesday,Winter,49.74,0.44
1.27,1248.27,0,Comedy,Wednesday,Summer,52.56,0.41
1.82,1210.33,0,Romance,Friday,Winter,54.04,0.47
1.74,1469.85,0,Action,Wednesday,Summer,52.11,0.53
1.68,1357.74,1,Action,Wednesday,Summer,50.23,0.48
1.59,1294.78,0,Thriller,Thursday,Winter,136.83,0.71
1.82,1359.8,1,Drama,Friday,Fall,51.19,0.29
1.46,1700.04,0,Drama,Friday,Fall,49.63,0.33
1.46,1172.7,0,Thriller,Friday,Spring,54.22,0.44
1.77,1629.94,1,Others,Thursday,Winter,59.97,0.46
1.75,1614.01,0,Comedy,Saturday,Summer,51.63,0.53
1.48,1189.32,1,Others,Friday,Spring,48.99,0.53
1.77,1701.97,0,Sci-Fi,Wednesday,Winter,59.26,0.55
1.61,1714.73,0,Sci-Fi,Thursday,Winter,51.34,0.51
1.73,1698.35,1,Action,Thursday,Summer,55.24,0.47
1.78,1190.25,1,Comedy,Wednesday,Summer,54.45,0.49
1.77,1199.38,1,Drama,Wednesday,Winter,57.41,0.44
1.46,1248.27,0,Others,Saturday,Spring,52.74,0.48
1.54,1469.85,1,Romance,Friday,Fall,50.26,0.29
2.03,2424.2,0,Others,Saturday,Winter,56.93,0.54
1.93,1383.58,1,Thriller,Wednesday,Fall,135.75,0.61
1.93,1161.18,1,Sci-Fi,Wednesday,Winter,103.33,0.6
1.81,1190.25,0,Thriller,Friday,Fall,55.34,0.54
1.36,1972.77,1,Drama,Wednesday,Winter,56.85,0.33
2.16,1398.05,1,Drama,Wednesday,Winter,68.54,0.58
1.95,1403.8,0,Drama,Wednesday,Spring,148.29,0.66
1.48,1690.43,1,Sci-Fi,Friday,Winter,53.87,0.35
1.44,1588.38,0,Drama,Wednesday,Summer,54.43,0.54
1.76,1554.74,0,Action,Friday,Fall,90.5,0.51
1.73,2122.33,0,Thriller,Sunday,Summer,47.1,0.44
1.58,2424.2,1,Action,Wednesday,Spring,49.34,0.37
1.8,1714.73,0,Horror,Friday,Winter,46.7,0.47
1.62,1190.25,0,Others,Thursday,Spring,138.91,0.61
1.59,1590.19,1,Others,Wednesday,Fall,106.34,0.54
1.78,1663.8,0,Horror,Wednesday,Winter,51.1,0.5
2.06,1439.04,0,Horror,Saturday,Spring,57.72,0.5
2.14,1031.85,0,Action,Saturday,Winter,51.55,0.63
2.02,1284.86,0,Horror,Friday,Fall,94.84,0.59
1.72,1152.29,0,Horror,Friday,Summer,54.8,0.36
1.57,1639.83,1,Action,Wednesday,Summer,52.06,0.43
1.53,1972.77,0,Action,Friday,Summer,52.3,0.4
1.5,1557.2,0,Drama,Friday,Fall,183.38,0.72
1.75,1525.32,0,Others,Wednesday,Summer,64.61,0.51
1.41,1329.48,0,Comedy,Wednesday,Fall,52.42,0.42
1.75,1060.86,0,Thriller,Friday,Summer,58.99,0.5
1.93,1199.38,1,Action,Friday,Summer,45.64,0.43
1.68,1701.97,0,Comedy,Wednesday,Winter,50.65,0.43
1.53,1654.93,0,Romance,Friday,Spring,52.68,0.4
1.41,1701.97,0,Horror,Thursday,Spring,54.69,0.41
1.85,1081.23,0,Drama,Friday,Summer,56.4,0.45
1.79,1216.54,0,Comedy,Friday,Spring,57.03,0.54
1.81,1498.41,0,Drama,Monday,Summer,68.88,0.55
1.81,1060.86,0,Action,Thursday,Summer,51.01,0.41
2.34,1890.97,1,Action,Thursday,Fall,51.03,0.5
1.25,1623.67,1,Drama,Wednesday,Summer,50.6,0.51
1.46,1231.3,1,Action,Thursday,Winter,50.13,0.41
1.61,1199.38,0,Drama,Wednesday,Spring,64.75,0.43
1.69,2158.03,0,Romance,Friday,Winter,62.06,0.45
1.7,1390.62,0,Others,Saturday,Fall,55.42,0.52
1.34,1972.77,1,Thriller,Wednesday,Fall,57.08,0.35
1.57,1161.18,1,Horror,Wednesday,Spring,54.47,0.43
1.79,1614.01,0,Others,Wednesday,Winter,54.65,0.55
1.72,1342.77,1,Others,Friday,Summer,57.28,0.37
1.54,1284.86,0,Drama,Monday,Winter,50.37,0.42
1.63,1623.67,0,Action,Wednesday,Winter,108.2,0.46
1.44,1420.88,0,Others,Friday,Summer,49.86,0.37
1.33,1710.1,0,Others,Friday,Fall,34.68,0.3
2.06,1614.01,1,Action,Friday,Winter,53.19,0.37
1.93,1686.75,1,Others,Sunday,Spring,55.19,0.53
2.06,1246.03,0,Romance,Friday,Winter,50.71,0.41
1.35,1588.38,1,Others,Wednesday,Fall,52.03,0.34
2.14,1119.9,0,Drama,Friday,Winter,54.04,0.51
2.03,1229.35,0,Romance,Friday,Fall,50.47,0.51
1.79,1588.38,0,Sci-Fi,Saturday,Winter,52.78,0.43
1.68,2424.2,1,Drama,Wednesday,Spring,53.84,0.49
1.44,1614.01,0,Others,Wednesday,Summer,53.39,0.48
1.34,1329.48,0,Sci-Fi,Friday,Winter,48.49,0.35
1.33,1361.12,0,Comedy,Friday,Winter,53.72,0.43
1.81,1357.74,0,Romance,Friday,Winter,66.22,0.5
1.73,1972.77,1,Drama,Tuesday,Summer,52.73,0.4
1.93,1623.67,0,Romance,Wednesday,Summer,46.28,0.52
1.36,1477.62,1,Action,Wednesday,Spring,57.91,0.38
1.85,1284.86,0,Comedy,Saturday,Summer,53.7,0.53
1.61,1010.87,1,Thriller,Tuesday,Spring,49.77,0.4
2.19,1083.48,0,Action,Friday,Winter,75.73,0.64
1.44,1229.35,0,Romance,Wednesday,Fall,56.82,0.38
1.79,1588.38,0,Sci-Fi,Friday,Summer,53.72,0.58
1.8,1323.74,1,Horror,Friday,Winter,57.15,0.31
1.9,1294.78,0,Drama,Wednesday,Summer,52.74,0.52
1.81,1663.8,0,Drama,Wednesday,Fall,56.18,0.51
1.7,1403.8,0,Comedy,Friday,Winter,80.19,0.54
1.72,1200.65,1,Others,Friday,Winter,50.06,0.34
1.95,1216.54,1,Romance,Wednesday,Summer,54.45,0.47
1.67,2122.33,1,Others,Sunday,Spring,51.65,0.39
1.59,1321.7,0,Drama,Friday,Winter,53.95,0.4
1.35,1262.25,0,Others,Thursday,Spring,48.49,0.44
1.7,1383.58,0,Others,Monday,Fall,51.04,0.43
1.48,1231.3,0,Others,Thursday,Fall,53.58,0.37
1.61,1359.8,1,Sci-Fi,Sunday,Fall,52.46,0.43
2.02,1081.23,0,Others,Thursday,Fall,54.67,0.48
1.49,1336.16,0,Sci-Fi,Wednesday,Spring,55.05,0.51
1.34,1189.32,0,Thriller,Wednesday,Winter,56.82,0.5
1.62,1146.51,0,Drama,Wednesday,Summer,52.95,0.45
1.26,1060.86,0,Others,Saturday,Summer,64.76,0.46
1.54,1210.33,0,Action,Friday,Fall,52.37,0.41
1.49,2424.2,0,Comedy,Friday,Winter,50.88,0.46
1.41,1890.97,1,Thriller,Friday,Spring,56.83,0.37
1.79,2158.03,1,Sci-Fi,Wednesday,Winter,47.87,0.45
2.16,1686.75,0,Thriller,Friday,Spring,46.36,0.54
1.84,1346.22,0,Others,Thursday,Fall,52.86,0.41
1.85,1663.8,1,Others,Wednesday,Fall,54.99,0.45
1.8,1346.22,0,Others,Wednesday,Fall,38.82,0.41
1.39,1229.35,0,Sci-Fi,Wednesday,Spring,53.98,0.44
1.6,1701.97,0,Horror,Friday,Fall,55.74,0.46
1.57,1311.96,0,Others,Saturday,Spring,46.59,0.48
1.81,1146.51,1,Horror,Wednesday,Fall,58.83,0.47
1.73,1031.85,0,Thriller,Friday,Fall,56.74,0.48
2.34,1311.96,0,Horror,Saturday,Fall,55.09,0.55
1.77,1190.25,0,Horror,Tuesday,Winter,123.38,0.68
1.72,1639.83,0,Thriller,Sunday,Spring,57.36,0.48
2.06,1928.85,1,Sci-Fi,Saturday,Summer,52.4,0.51
2.14,1152.29,0,Thriller,Thursday,Fall,56.62,0.49
1.75,1972.77,0,Drama,Sunday,Fall,96.61,0.58
1.27,1199.38,0,Others,Wednesday,Summer,91.94,0.6
1.57,1403.8,0,Thriller,Wednesday,Summer,53.56,0.45
2.06,1329.48,1,Comedy,Wednesday,Summer,56.6,0.61
1.39,1972.77,1,Action,Friday,Winter,117.85,0.47
1.67,1498.41,0,Comedy,Friday,Spring,44.23,0.34
1.46,1588.38,0,Drama,Friday,Winter,57.94,0.49
1.69,1342.77,0,Thriller,Friday,Spring,51.18,0.47
1.59,1311.96,1,Others,Saturday,Winter,49.31,0.43
1.82,1477.62,0,Horror,Tuesday,Fall,57.7,0.48
1.6,1329.48,1,Romance,Wednesday,Fall,50.53,0.38
2.03,1992.53,0,Others,Wednesday,Summer,179.15,0.79
1.58,1469.85,1,Romance,Saturday,Fall,50.73,0.38
1.73,2424.2,1,Comedy,Friday,Winter,56.79,0.38
1.35,1060.86,0,Others,Friday,Spring,56.86,0.45
1.81,1210.33,0,Drama,Friday,Fall,180.06,0.7
2.03,1639.83,1,Horror,Friday,Summer,58.38,0.42
1.82,1359.8,0,Horror,Wednesday,Winter,54.61,0.49
1.81,1210.33,1,Action,Wednesday,Fall,57.99,0.44
1.85,1262.25,0,Drama,Saturday,Fall,53.89,0.44
1.92,1407.43,0,Thriller,Wednesday,Fall,58.7,0.46
1.81,1698.35,0,Horror,Tuesday,Fall,44.61,0.43
1.25,1557.2,0,Others,Thursday,Winter,53.81,0.44
1.26,1498.41,0,Horror,Wednesday,Spring,55.52,0.42
1.75,1698.35,0,Sci-Fi,Wednesday,Summer,59.11,0.51
1.54,1060.86,0,Romance,Saturday,Summer,67.48,0.53
1.34,1992.53,0,Comedy,Thursday,Winter,55.45,0.37
1.57,1359.8,1,Comedy,Wednesday,Winter,48.73,0.34
1.81,1590.19,0,Horror,Friday,Fall,53.22,0.39
1.41,1420.88,1,Romance,Wednesday,Spring,122.22,0.56
1.73,1407.43,0,Horror,Friday,Summer,60.87,0.5
1.25,1199.38,0,Others,Thursday,Spring,56.65,0.49
1.84,1357.74,1,Action,Saturday,Summer,100.71,0.62
1.68,1403.8,0,Others,Friday,Winter,54.92,0.44
1.73,1390.62,0,Comedy,Friday,Spring,50.15,0.43
1.92,1060.86,0,Drama,Friday,Summer,52.17,0.43
1.35,1388.28,0,Others,Friday,Winter,54.46,0.41
1.83,1323.74,0,Action,Wednesday,Summer,45.18,0.47
1.81,1391.57,0,Drama,Wednesday,Winter,61.22,0.55
2.03,1420.88,0,Comedy,Wednesday,Fall,50.79,0.45
1.54,1113.81,0,Drama,Thursday,Winter,52.47,0.47
1.53,1359.8,0,Sci-Fi,Wednesday,Summer,42.26,0.53
1.58,1146.51,0,Romance,Friday,Winter,57.03,0.43
2.14,1199.38,0,Comedy,Saturday,Fall,46.75,0.51
1.82,1083.48,0,Romance,Friday,Summer,58.35,0.51
1.57,1388.28,0,Horror,Wednesday,Fall,51.6,0.41
1.58,1402.24,1,Others,Wednesday,Summer,51.31,0.44
1.64,1248.27,0,Comedy,Thursday,Summer,53.53,0.47
2.03,1145.37,0,Sci-Fi,Friday,Spring,59.99,0.5
1.6,1391.57,1,Comedy,Friday,Summer,59.04,0.37
2.03,1146.51,0,Action,Wednesday,Spring,56.0,0.52
1.75,1361.12,1,Horror,Sunday,Fall,52.79,0.42
1.68,1741.52,0,Comedy,Wednesday,Summer,53.24,0.58
1.85,1629.94,0,Others,Tuesday,Winter,53.07,0.53
1.61,1248.27,0,Thriller,Wednesday,Summer,112.03,0.76
1.62,1420.88,1,Comedy,Wednesday,Summer,53.34,0.4
1.81,1710.1,0,Sci-Fi,Friday,Summer,30.08,0.44
2.16,1216.54,0,Comedy,Friday,Spring,52.68,0.5
1.61,1420.88,1,Comedy,Tuesday,Fall,48.5,0.46
1.6,1323.74,1,Action,Wednesday,Summer,54.43,0.39
1.64,1698.35,0,Others,Thursday,Fall,54.03,0.39
1.73,1359.8,0,Others,Friday,Spring,53.04,0.4
1.83,1701.97,1,Action,Friday,Summer,57.31,0.32
1.7,1342.77,0,Others,Tuesday,Summer,57.0,0.46
1.69,1498.41,0,Thriller,Sunday,Spring,48.56,0.42
2.16,2158.03,1,Drama,Friday,Summer,63.84,0.51
1.46,2122.33,0,Comedy,Wednesday,Summer,93.45,0.62
1.7,2122.33,0,Others,Thursday,Winter,50.35,0.56
1.81,1469.85,1,Drama,Wednesday,Spring,50.53,0.48
1.69,1359.8,1,Drama,Friday,Summer,55.64,0.38
1.46,1284.86,0,Sci-Fi,Friday,Spring,49.75,0.35
1.6,1031.85,0,Sci-Fi,Wednesday,Spring,51.72,0.49
1.44,1190.25,1,Comedy,Wednesday,Summer,48.68,0.34
1.75,1189.26,0,Comedy,Wednesday,Summer,48.55,0.59
2.16,1590.19,0,Thriller,Wednesday,Spring,55.92,0.62
1.74,1614.01,0,Comedy,Friday,Summer,179.51,0.73
1.83,1284.86,0,Action,Wednesday,Spring,123.43,0.58
1.57,1140.23,0,Horror,Thursday,Summer,56.17,0.53
1.34,1199.38,1,Comedy,Wednesday,Fall,85.29,0.45
1.84,1294.78,1,Horror,Sunday,Spring,49.88,0.48
1.83,1928.85,0,Action,Friday,Fall,53.54,0.34
1.63,1439.04,0,Others,Saturday,Spring,56.08,0.45
1.76,1588.38,0,Sci-Fi,Friday,Summer,57.38,0.48
1.46,1311.96,0,Horror,Wednesday,Fall,50.31,0.42
1.9,1554.74,1,Others,Friday,Winter,31.72,0.31
1.68,1629.94,1,Action,Wednesday,Fall,55.82,0.43
1.93,1439.04,1,Romance,Friday,Fall,48.82,0.31
1.75,1629.94,0,Sci-Fi,Friday,Fall,52.03,0.41
1.73,1246.03,0,Horror,Saturday,Spring,50.28,0.47
1.9,1357.74,0,Horror,Thursday,Winter,125.82,0.69
1.75,1336.16,0,Others,Wednesday,Summer,53.3,0.54
1.27,1246.03,1,Others,Sunday,Fall,50.11,0.28
1.78,1623.67,1,Romance,Friday,Fall,42.05,0.25
1.53,1346.22,0,Action,Thursday,Spring,49.88,0.48
1.82,1388.28,1,Romance,Friday,Fall,51.13,0.37
1.76,1216.54,1,Others,Friday,Winter,59.16,0.37
2.19,1140.23,1,Others,Monday,Fall,54.66,0.51
1.35,1060.86,1,Thriller,Wednesday,Fall,51.72,0.36
1.33,1361.12,0,Drama,Monday,Spring,58.69,0.48
1.79,1710.1,0,Horror,Friday,Spring,50.75,0.44
1.68,1710.1,0,Thriller,Friday,Spring,50.8,0.53
1.82,1686.75,1,Thriller,Friday,Winter,53.22,0.49
1.57,1557.2,0,Others,Friday,Summer,47.91,0.41
1.74,1614.01,0,Sci-Fi,Friday,Spring,58.11,0.51
1.95,1639.83,0,Horror,Sunday,Winter,49.78,0.54
1.72,1629.94,0,Action,Wednesday,Fall,50.56,0.51
1.92,1498.41,0,Thriller,Friday,Winter,49.32,0.41
1.44,1145.37,0,Horror,Wednesday,Winter,52.78,0.49
2.34,1357.74,1,Others,Wednesday,Summer,42.17,0.56
1.83,1972.77,0,Thriller,Thursday,Summer,52.68,0.41
1.61,1311.96,0,Romance,Saturday,Winter,48.82,0.4
2.14,1477.62,0,Action,Friday,Winter,191.92,0.7
2.14,1714.73,0,Action,Thursday,Winter,50.39,0.5
2.03,1083.48,0,Sci-Fi,Wednesday,Winter,44.21,0.54
1.35,1321.7,0,Drama,Friday,Winter,50.68,0.48
1.75,1420.88,0,Drama,Wednesday,Spring,58.87,0.51
1.73,1614.01,0,Romance,Wednesday,Winter,83.19,0.66
1.64,1402.24,0,Romance,Wednesday,Summer,48.22,0.41
1.25,1590.19,1,Sci-Fi,Friday,Summer,37.72,0.22
1.68,1590.19,1,Drama,Friday,Winter,42.59,0.35
1.69,1079.19,0,Action,Friday,Winter,179.26,0.73
1.44,1554.74,0,Comedy,Sunday,Spring,54.34,0.45
1.33,1231.3,1,Romance,Wednesday,Summer,57.61,0.32
1.44,1554.74,1,Others,Saturday,Fall,50.62,0.36
1.9,1294.78,0,Horror,Wednesday,Fall,56.74,0.42
1.83,1992.53,0,Drama,Wednesday,Fall,53.6,0.52
1.36,1639.83,1,Horror,Wednesday,Fall,52.34,0.38
1.48,1614.01,0,Thriller,Friday,Fall,64.23,0.38
1.41,1311.96,1,Thriller,Friday,Spring,45.47,0.3
1.59,1079.19,1,Thriller,Wednesday,Summer,54.03,0.38
1.49,1146.51,0,Horror,Wednesday,Fall,58.0,0.44
1.77,1311.96,1,Horror,Friday,Fall,50.11,0.39
1.82,1152.29,0,Comedy,Friday,Fall,165.58,0.63
1.63,1663.8,0,Thriller,Friday,Fall,46.93,0.41
1.9,1336.16,0,Thriller,Sunday,Winter,52.93,0.48
1.59,1210.33,1,Others,Friday,Summer,55.55,0.35
1.82,1477.62,1,Sci-Fi,Sunday,Winter,160.0,0.69
1.73,1361.12,1,Sci-Fi,Sunday,Fall,184.12,0.64
1.81,1361.12,0,Romance,Friday,Spring,35.55,0.35
1.57,1199.38,0,Comedy,Thursday,Fall,59.59,0.38
1.69,1663.8,0,Drama,Friday,Winter,52.36,0.54
1.39,1390.62,0,Others,Friday,Winter,47.31,0.39
1.53,1714.73,0,Others,Friday,Summer,151.45,0.64
1.25,1639.83,1,Others,Wednesday,Summer,61.13,0.44
1.93,1346.22,0,Romance,Friday,Fall,55.55,0.44
1.79,2162.24,0,Romance,Wednesday,Fall,47.43,0.44
1.67,1161.18,0,Action,Friday,Winter,53.0,0.46
2.14,1161.18,0,Comedy,Friday,Summer,56.59,0.57
1.77,1346.22,0,Horror,Thursday,Summer,57.17,0.47
1.55,1060.86,0,Horror,Friday,Winter,52.39,0.39
1.92,1623.67,0,Romance,Thursday,Fall,54.23,0.45
1.59,1361.12,0,Comedy,Thursday,Winter,51.37,0.33
1.61,1361.12,1,Comedy,Wednesday,Winter,54.87,0.36
1.59,1246.03,0,Romance,Thursday,Summer,103.03,0.66
1.75,1321.7,0,Sci-Fi,Sunday,Spring,53.7,0.56
1.57,1172.7,1,Sci-Fi,Wednesday,Summer,54.26,0.42
1.61,1391.57,1,Romance,Friday,Winter,48.06,0.39
1.98,1557.2,1,Action,Friday,Spring,54.3,0.42
1.62,1031.85,1,Others,Friday,Spring,57.55,0.53
1.75,2158.03,0,Action,Friday,Spring,53.82,0.5
1.98,1557.2,1,Romance,Sunday,Spring,82.5,0.53
1.92,1172.7,0,Others,Wednesday,Fall,51.85,0.43
1.93,1357.74,0,Others,Friday,Fall,50.74,0.35
1.5,1623.67,0,Others,Monday,Summer,56.72,0.47
1.85,1741.52,0,Others,Friday,Summer,54.51,0.44
1.61,1060.86,0,Others,Sunday,Winter,55.39,0.4
1.39,1284.86,0,Horror,Wednesday,Fall,50.36,0.38
1.74,1161.18,0,Action,Thursday,Summer,53.55,0.42
2.06,1359.8,0,Action,Wednesday,Summer,50.04,0.62
1.81,1890.97,0,Romance,Saturday,Winter,159.73,0.8
1.46,1554.74,1,Horror,Thursday,Summer,54.87,0.4
1.69,1323.74,0,Action,Saturday,Winter,49.97,0.54
1.85,1383.58,1,Action,Wednesday,Spring,123.12,0.61
1.44,1146.51,0,Romance,Wednesday,Fall,46.28,0.36
1.61,1972.77,0,Comedy,Friday,Spring,147.26,0.73
1.81,1172.7,0,Thriller,Sunday,Summer,149.64,0.76
1.73,1698.35,0,Others,Thursday,Winter,55.01,0.42
2.02,1248.27,0,Horror,Wednesday,Summer,52.44,0.53
2.34,1388.28,1,Others,Wednesday,Winter,50.45,0.48
1.9,1231.3,1,Action,Sunday,Winter,48.72,0.35
1.39,1311.96,1,Romance,Wednesday,Spring,52.24,0.43
1.35,1403.8,0,Comedy,Friday,Spring,59.26,0.52
1.76,2158.03,0,Sci-Fi,Sunday,Fall,55.53,0.4
1.58,2158.03,1,Romance,Friday,Summer,53.54,0.42
1.44,1152.29,1,Others,Thursday,Winter,45.39,0.32
1.64,1890.97,1,Others,Sunday,Fall,86.69,0.46
1.48,1590.19,1,Thriller,Friday,Spring,49.94,0.32
1.58,1323.74,0,Comedy,Sunday,Spring,57.85,0.43
1.46,1231.3,1,Romance,Friday,Fall,54.12,0.33
1.75,1992.53,1,Thriller,Sunday,Winter,50.89,0.39
1.44,1557.2,0,Others,Friday,Spring,59.93,0.44
1.33,1714.73,0,Others,Friday,Fall,136.76,0.58
2.16,1146.51,0,Others,Thursday,Winter,38.1,0.46
1.46,1391.57,0,Others,Wednesday,Winter,54.79,0.43
1.75,1190.25,0,Drama,Friday,Summer,55.79,0.44
1.73,1031.85,1,Romance,Wednesday,Fall,56.53,0.44
1.93,1229.35,0,Action,Thursday,Winter,50.98,0.5
1.63,1420.88,0,Thriller,Wednesday,Spring,50.03,0.42
2.03,1402.24,1,Romance,Wednesday,Summer,53.12,0.49
1.5,1830.39,0,Others,Friday,Summer,76.14,0.54
1.6,1629.94,0,Drama,Friday,Spring,111.86,0.49
1.7,1420.88,1,Comedy,Thursday,Summer,43.87,0.42
2.14,1714.73,1,Others,Friday,Winter,52.98,0.42
1.83,1383.58,0,Sci-Fi,Friday,Fall,51.45,0.45
1.69,1140.23,0,Action,Friday,Spring,162.72,0.63
1.67,1336.16,0,Romance,Thursday,Winter,54.64,0.37
1.83,1992.53,1,Thriller,Friday,Winter,52.82,0.33
1.57,1420.88,0,Others,Friday,Spring,58.1,0.44
1.84,1200.65,1,Romance,Friday,Spring,49.76,0.39
1.53,1557.2,0,Sci-Fi,Friday,Summer,51.84,0.39
1.72,1698.35,0,Others,Friday,Fall,55.74,0.45
1.95,1420.88,0,Others,Friday,Summer,50.91,0.4
1.69,1146.51,1,Comedy,Wednesday,Spring,52.75,0.42
1.9,1663.8,0,Others,Wednesday,Summer,63.84,0.5
1.33,1294.78,1,Action,Friday,Fall,51.48,0.27
1.6,1336.16,0,Others,Friday,Winter,55.66,0.44
1.59,1200.65,0,Action,Wednesday,Spring,52.81,0.41
1.57,1152.29,0,Horror,Wednesday,Winter,57.42,0.46
1.8,1420.88,1,Drama,Saturday,Summer,46.17,0.48
1.7,1614.01,0,Others,Saturday,Summer,58.75,0.49
1.84,1623.67,0,Sci-Fi,Wednesday,Fall,51.6,0.52
2.14,1113.81,0,Comedy,Friday,Winter,50.78,0.44
1.81,1439.04,0,Action,Friday,Summer,46.16,0.46
1.82,1067.64,0,Others,Sunday,Winter,45.04,0.54
1.9,1402.24,0,Sci-Fi,Wednesday,Summer,157.8,0.65
2.19,1477.62,1,Comedy,Wednesday,Winter,55.54,0.47
2.19,1294.78,0,Drama,Friday,Summer,50.5,0.54
2.02,1199.38,1,Drama,Friday,Spring,44.03,0.37
1.98,1357.74,0,Sci-Fi,Friday,Fall,49.96,0.46
1.9,1083.48,0,Comedy,Friday,Spring,59.07,0.44
1.7,1323.74,0,Others,Wednesday,Fall,48.51,0.44
2.06,1383.58,0,Sci-Fi,Friday,Summer,52.66,0.5
1.82,1439.04,1,Horror,Wednesday,Summer,47.77,0.5
1.92,1614.01,0,Horror,Wednesday,Winter,59.28,0.55
1.85,1231.3,1,Comedy,Friday,Fall,54.51,0.39
2.03,1152.29,1,Comedy,Monday,Summer,46.38,0.41
1.59,1690.43,0,Sci-Fi,Friday,Fall,49.76,0.37
1.92,1294.78,0,Thriller,Saturday,Spring,55.84,0.49
2.14,1031.85,0,Action,Friday,Winter,53.4,0.51
1.83,1383.58,0,Others,Friday,Winter,52.02,0.43
1.46,1119.9,0,Others,Friday,Summer,49.19,0.43
1.73,1525.32,1,Romance,Sunday,Winter,52.47,0.53
1.81,1698.35,1,Drama,Thursday,Summer,51.11,0.47
1.44,1469.85,1,Action,Sunday,Summer,45.34,0.36
1.79,1698.35,0,Romance,Wednesday,Spring,41.62,0.51
1.26,1329.48,0,Comedy,Wednesday,Fall,62.55,0.43
1.36,1152.29,1,Comedy,Friday,Winter,58.76,0.27
1.75,1700.04,0,Others,Wednesday,Winter,50.87,0.44
1.9,1113.81,0,Others,Wednesday,Fall,45.47,0.36
1.53,1477.62,1,Drama,Saturday,Winter,57.4,0.41
1.46,1830.39,0,Sci-Fi,Friday,Winter,167.49,0.69
1.67,1146.51,0,Thriller,Monday,Fall,49.83,0.49
1.68,1336.16,1,Drama,Friday,Spring,54.33,0.39
2.02,1992.53,0,Romance,Friday,Summer,53.46,0.49
1.72,1145.37,0,Horror,Friday,Summer,57.39,0.51
1.9,1391.57,1,Others,Friday,Spring,57.26,0.3
1.76,1145.37,0,Comedy,Tuesday,Spring,51.9,0.46
2.02,1329.48,0,Comedy,Wednesday,Summer,52.88,0.59
1.44,1342.77,0,Others,Friday,Winter,57.45,0.35
1.61,1140.23,1,Others,Wednesday,Spring,54.76,0.47
1.74,1361.12,0,Action,Saturday,Summer,51.88,0.51
1.9,1216.54,0,Romance,Friday,Winter,49.2,0.43
1.54,1311.96,1,Others,Wednesday,Winter,50.37,0.44
1.7,1010.87,1,Comedy,Wednesday,Fall,49.44,0.5
1.82,1190.25,1,Sci-Fi,Friday,Winter,99.98,0.54
2.19,1391.57,0,Romance,Friday,Summer,51.65,0.53
2.16,1741.52,0,Others,Wednesday,Spring,57.98,0.54
1.73,1383.58,1,Drama,Saturday,Spring,163.5,0.64
1.92,1590.19,0,Action,Friday,Spring,55.38,0.5
1.75,1200.65,0,Others,Friday,Winter,51.05,0.39
1.78,1700.04,0,Others,Wednesday,Fall,154.39,0.71
1.69,1557.2,1,Others,Wednesday,Spring,52.11,0.4
1.59,2424.2,1,Romance,Friday,Summer,55.21,0.43
1.59,1663.8,1,Horror,Friday,Summer,83.04,0.49
2.02,1398.05,1,Thriller,Wednesday,Winter,61.99,0.56
1.46,1890.97,0,Action,Friday,Spring,50.22,0.37
1.75,1402.24,0,Comedy,Thursday,Fall,50.4,0.42
1.69,1346.22,1,Drama,Wednesday,Spring,55.0,0.38
1.73,2158.03,0,Others,Friday,Spring,52.17,0.42
1.78,1294.78,1,Others,Friday,Summer,51.6,0.42
1.73,1342.77,0,Others,Wednesday,Winter,48.31,0.52
1.78,1554.74,0,Others,Friday,Fall,53.39,0.37
1.55,1420.88,0,Comedy,Friday,Fall,54.7,0.44
1.64,1469.85,0,Drama,Friday,Spring,55.77,0.5
1.49,1420.88,1,Thriller,Thursday,Summer,57.47,0.43
1.95,1654.93,1,Horror,Friday,Summer,44.27,0.5
2.14,1190.25,0,Others,Friday,Winter,51.97,0.46
1.93,1383.58,0,Action,Sunday,Winter,155.83,0.68
1.76,1928.85,1,Comedy,Wednesday,Spring,49.78,0.34
1.83,1329.48,1,Drama,Saturday,Spring,43.85,0.48
1.57,1031.85,0,Drama,Thursday,Summer,52.29,0.49
1.33,1199.38,0,Thriller,Friday,Summer,49.03,0.4
1.59,1359.8,1,Others,Wednesday,Fall,53.26,0.4
1.61,1398.05,1,Comedy,Wednesday,Fall,60.13,0.36
2.03,2122.33,1,Comedy,Wednesday,Summer,53.4,0.63
1.9,2424.2,1,Others,Wednesday,Winter,55.13,0.48
1.81,1060.86,1,Horror,Friday,Spring,94.72,0.5
1.83,1294.78,0,Comedy,Friday,Fall,53.73,0.46
1.85,1614.01,1,Drama,Saturday,Spring,48.75,0.45
1.41,1554.74,0,Others,Friday,Fall,55.38,0.4
1.39,1402.24,1,Thriller,Wednesday,Fall,52.75,0.33
1.81,1200.65,0,Thriller,Friday,Fall,50.83,0.44
2.03,2122.33,1,Thriller,Friday,Spring,58.59,0.54
2.14,1229.35,0,Thriller,Saturday,Summer,58.14,0.64
1.75,1231.3,0,Sci-Fi,Saturday,Spring,50.23,0.55
1.7,1690.43,0,Others,Saturday,Summer,35.58,0.41
1.73,1189.32,0,Action,Friday,Spring,47.14,0.35
1.48,1081.23,1,Others,Friday,Summer,51.45,0.36
1.6,1336.16,1,Comedy,Friday,Summer,52.7,0.39
2.34,1231.3,0,Others,Thursday,Fall,53.65,0.58
1.35,1031.85,1,Comedy,Thursday,Summer,111.92,0.45
1.7,1388.28,0,Action,Wednesday,Spring,54.13,0.55
1.73,1231.3,0,Sci-Fi,Friday,Spring,51.51,0.42
1.25,1383.58,1,Action,Sunday,Fall,111.98,0.47
1.9,1361.12,1,Others,Wednesday,Spring,50.41,0.39
1.44,1216.54,0,Others,Tuesday,Winter,174.58,0.62
1.53,1992.53,0,Sci-Fi,Friday,Winter,57.98,0.49
2.34,1081.23,1,Thriller,Friday,Fall,53.93,0.45
1.57,1639.83,0,Sci-Fi,Friday,Fall,54.79,0.34
1.69,1152.29,1,Drama,Sunday,Summer,103.12,0.5
1.47,1229.35,0,Others,Friday,Summer,54.13,0.42
1.67,1060.86,0,Others,Wednesday,Spring,31.95,0.48
1.54,1469.85,0,Drama,Monday,Winter,53.4,0.43
2.06,1190.25,1,Action,Tuesday,Spring,53.98,0.36
1.48,1710.1,0,Others,Tuesday,Winter,56.55,0.44
1.81,1388.28,0,Sci-Fi,Friday,Summer,52.4,0.46
1.46,1083.48,1,Others,Sunday,Summer,53.99,0.28
1.55,1992.53,1,Romance,Friday,Spring,43.99,0.33
1.48,1383.58,1,Drama,Wednesday,Winter,53.34,0.4
1.7,1663.8,1,Action,Sunday,Winter,121.92,0.63
1.75,1383.58,0,Others,Friday,Spring,55.23,0.54
1.7,1200.65,1,Romance,Wednesday,Spring,199.92,0.79
1.33,1060.86,1,Sci-Fi,Friday,Fall,50.01,0.29
2.06,1346.22,0,Others,Thursday,Spring,51.21,0.44
1.7,1654.93,1,Others,Monday,Summer,46.01,0.52
1.7,1890.97,1,Thriller,Friday,Spring,51.76,0.38
1.85,1119.9,0,Others,Wednesday,Spring,32.73,0.42
1.59,1152.29,1,Comedy,Wednesday,Fall,56.53,0.4
1.54,1629.94,0,Others,Wednesday,Spring,59.15,0.49
1.49,1199.38,1,Others,Wednesday,Spring,51.38,0.39
1.55,1992.53,0,Sci-Fi,Wednesday,Fall,168.79,0.69
2.14,1067.64,1,Others,Wednesday,Spring,58.4,0.47
1.25,1972.77,1,Others,Friday,Summer,48.3,0.35
2.19,1700.04,1,Horror,Friday,Fall,53.45,0.39
1.92,1698.35,0,Others,Sunday,Summer,49.02,0.48
1.68,1083.48,0,Comedy,Wednesday,Fall,51.27,0.45
1.59,1210.33,1,Thriller,Wednesday,Fall,55.25,0.38
2.19,2424.2,0,Comedy,Wednesday,Spring,50.84,0.63
1.81,1210.33,0,Thriller,Wednesday,Summer,57.03,0.4
1.64,1700.04,0,Thriller,Friday,Summer,49.08,0.5
1.9,1525.32,1,Others,Wednesday,Fall,82.71,0.57
1.79,1060.86,0,Comedy,Friday,Summer,54.97,0.37
1.6,1928.85,1,Drama,Wednesday,Winter,152.93,0.65
1.54,1830.39,1,Thriller,Wednesday,Winter,52.61,0.4
1.44,1391.57,0,Comedy,Friday,Spring,54.54,0.34
1.35,1294.78,0,Romance,Friday,Fall,54.49,0.34
1.73,1172.7,0,Romance,Wednesday,Spring,52.86,0.42
1.73,1311.96,0,Others,Wednesday,Fall,52.68,0.54
1.83,1010.87,1,Horror,Wednesday,Summer,56.75,0.51
1.46,1199.38,0,Others,Saturday,Summer,47.83,0.52
1.72,1698.35,1,Thriller,Friday,Summer,52.31,0.44
1.73,1321.7,1,Comedy,Saturday,Winter,53.66,0.38
1.57,1357.74,1,Action,Wednesday,Spring,54.92,0.38
1.79,1083.48,0,Comedy,Thursday,Summer,50.14,0.5
1.81,1321.7,1,Romance,Friday,Fall,55.45,0.31
1.7,1200.65,0,Others,Friday,Spring,54.01,0.47
1.54,1403.8,0,Comedy,Friday,Spring,52.39,0.4
1.83,1554.74,1,Thriller,Wednesday,Summer,150.05,0.68
1.98,1083.48,0,Others,Friday,Spring,52.26,0.5
1.67,1391.57,0,Others,Friday,Summer,50.66,0.47
1.93,1172.7,1,Action,Thursday,Winter,54.69,0.41
1.68,1231.3,0,Others,Friday,Fall,49.78,0.45
1.83,1700.04,1,Action,Wednesday,Winter,50.3,0.38
1.7,1246.03,1,Sci-Fi,Wednesday,Winter,56.43,0.48
1.63,1629.94,1,Thriller,Wednesday,Fall,107.86,0.57
1.72,1390.62,0,Drama,Friday,Fall,120.44,0.57
1.33,1152.29,1,Drama,Wednesday,Fall,143.07,0.6
1.92,1402.24,0,Others,Monday,Fall,57.69,0.4
1.57,1686.75,0,Horror,Friday,Fall,48.35,0.43
1.81,1357.74,0,Horror,Friday,Winter,57.48,0.46
1.77,1231.3,1,Thriller,Sunday,Fall,46.27,0.35
1.59,1031.85,1,Others,Sunday,Winter,134.08,0.66
1.82,1639.83,1,Drama,Thursday,Winter,51.85,0.39
1.35,1119.9,0,Horror,Friday,Summer,51.73,0.34
1.9,1391.57,1,Drama,Wednesday,Spring,55.93,0.38
1.95,1323.74,0,Romance,Wednesday,Fall,53.94,0.52
2.02,1714.73,0,Comedy,Sunday,Spring,54.78,0.46
1.35,1690.43,0,Others,Wednesday,Fall,52.9,0.51
1.68,1152.29,1,Thriller,Wednesday,Spring,49.41,0.3
1.46,1398.05,1,Others,Saturday,Winter,50.23,0.48
1.7,1346.22,1,Horror,Friday,Summer,56.88,0.42
1.6,1113.81,1,Others,Friday,Summer,196.95,0.69
1.59,1588.38,0,Sci-Fi,Friday,Spring,48.97,0.38
1.41,1152.29,0,Thriller,Friday,Spring,136.25,0.63
1.59,1498.41,0,Comedy,Saturday,Fall,56.87,0.45
2.06,1654.93,0,Comedy,Sunday,Fall,51.97,0.55
1.69,2158.03,0,Thriller,Wednesday,Winter,132.93,0.7
1.69,1146.51,1,Others,Wednesday,Winter,132.19,0.63
1.68,1189.26,1,Others,Wednesday,Winter,51.0,0.4
1.85,1119.9,0,Thriller,Thursday,Summer,145.18,0.71
1.68,1199.38,1,Romance,Friday,Summer,53.4,0.41
1.69,1383.58,0,Sci-Fi,Monday,Spring,124.07,0.54
1.5,1210.33,1,Romance,Sunday,Fall,48.97,0.28
1.9,1590.19,0,Comedy,Saturday,Summer,98.16,0.69
1.33,1361.12,0,Comedy,Wednesday,Spring,57.68,0.47
1.47,1010.87,0,Others,Friday,Summer,56.9,0.43
1.57,1189.26,0,Horror,Friday,Fall,55.27,0.4
2.06,1554.74,0,Comedy,Wednesday,Winter,55.15,0.57
1.9,1067.64,0,Others,Thursday,Winter,72.01,0.51
2.34,1830.39,0,Comedy,Wednesday,Winter,49.9,0.55
1.44,1383.58,0,Horror,Thursday,Summer,56.22,0.47
1.64,1992.53,0,Drama,Friday,Summer,49.62,0.4
1.73,1639.83,1,Drama,Wednesday,Summer,51.47,0.47
1.33,1189.26,1,Romance,Wednesday,Winter,72.98,0.37
1.59,1081.23,1,Comedy,Friday,Winter,44.37,0.39
1.68,1060.86,1,Comedy,Friday,Winter,57.26,0.42
1.59,1469.85,1,Comedy,Wednesday,Spring,53.32,0.43
2.19,1119.9,0,Sci-Fi,Wednesday,Spring,52.04,0.59
1.57,1229.35,1,Drama,Wednesday,Spring,158.15,0.74
1.55,1161.18,0,Romance,Friday,Spring,57.59,0.48
1.69,1359.8,1,Others,Wednesday,Spring,49.1,0.32
1.64,1342.77,1,Others,Wednesday,Summer,59.47,0.39
1.44,1200.65,1,Others,Friday,Fall,49.75,0.28
1.73,1067.64,1,Others,Friday,Winter,188.27,0.68
1.76,1391.57,0,Others,Monday,Spring,49.64,0.46
2.14,1690.43,1,Comedy,Monday,Spring,55.21,0.42
1.73,1557.2,1,Thriller,Thursday,Fall,183.24,0.68
1.79,2122.33,1,Romance,Wednesday,Spring,56.67,0.41
1.73,1890.97,1,Others,Wednesday,Summer,54.13,0.43
1.61,1498.41,1,Others,Friday,Fall,53.6,0.27
1.55,1336.16,1,Thriller,Thursday,Spring,54.42,0.34
1.55,1402.24,1,Others,Wednesday,Spring,58.74,0.36
1.9,1663.8,1,Drama,Friday,Spring,173.36,0.63
1.53,1231.3,0,Thriller,Friday,Spring,198.72,0.78
2.02,1172.7,1,Others,Tuesday,Fall,48.08,0.34
1.78,1083.48,0,Others,Sunday,Spring,52.75,0.61
1.54,1388.28,0,Others,Friday,Spring,57.4,0.45
1.61,1262.25,1,Others,Thursday,Winter,51.36,0.4
1.77,1439.04,0,Horror,Wednesday,Spring,54.86,0.45
1.73,1190.25,0,Others,Saturday,Fall,47.27,0.47
1.68,1701.97,0,Others,Friday,Winter,132.94,0.61
1.5,1710.1,1,Romance,Wednesday,Spring,52.14,0.41
1.8,1113.81,0,Others,Friday,Winter,50.9,0.57
2.34,1398.05,1,Sci-Fi,Wednesday,Winter,154.69,0.77
1.44,1972.77,1,Drama,Friday,Summer,52.22,0.44
1.92,1246.03,1,Others,Friday,Fall,173.79,0.62
1.59,2122.33,0,Sci-Fi,Thursday,Summer,162.77,0.73
1.57,1323.74,1,Sci-Fi,Wednesday,Spring,55.61,0.51
1.41,1262.25,1,Comedy,Friday,Fall,172.74,0.56
1.61,1031.85,0,Thriller,Wednesday,Fall,59.0,0.55
1.57,1928.85,1,Drama,Friday,Winter,106.52,0.56
1.9,1146.51,1,Others,Wednesday,Spring,54.95,0.42
1.69,1383.58,0,Horror,Wednesday,Spring,35.25,0.44
1.81,1248.27,1,Thriller,Wednesday,Summer,52.86,0.51
1.75,1031.85,0,Romance,Thursday,Spring,189.64,0.78
1.78,1557.2,1,Others,Wednesday,Fall,54.04,0.34
2.16,1972.77,1,Others,Friday,Winter,54.58,0.42
1.49,1361.12,0,Drama,Friday,Fall,50.21,0.37
1.54,1231.3,0,Others,Wednesday,Winter,58.01,0.48
1.68,1439.04,1,Thriller,Wednesday,Spring,192.57,0.76
1.85,1200.65,1,Drama,Wednesday,Fall,55.99,0.43
1.95,1398.05,1,Thriller,Wednesday,Winter,57.27,0.41
1.8,1700.04,0,Romance,Friday,Winter,138.13,0.68
2.02,1557.2,0,Others,Friday,Fall,52.25,0.48
1.35,1469.85,0,Thriller,Wednesday,Fall,57.31,0.47
1.72,1654.93,0,Romance,Tuesday,Fall,56.99,0.5
1.95,1172.7,1,Drama,Friday,Winter,58.13,0.47
1.46,1189.26,1,Thriller,Saturday,Winter,47.2,0.41
1.61,2162.24,0,Horror,Saturday,Winter,53.67,0.48
1.7,1119.9,0,Thriller,Friday,Summer,51.66,0.37
2.16,1113.81,0,Drama,Friday,Spring,62.54,0.54
1.61,1119.9,1,Romance,Friday,Spring,103.16,0.5
1.8,1231.3,1,Romance,Wednesday,Winter,63.03,0.49
1.7,1189.26,1,Drama,Thursday,Winter,54.08,0.34
1.59,1248.27,1,Others,Thursday,Fall,57.39,0.32
1.57,1189.26,1,Others,Friday,Fall,49.33,0.37
1.78,1031.85,1,Sci-Fi,Thursday,Spring,45.14,0.38
2.03,1329.48,1,Romance,Wednesday,Spring,50.39,0.49
1.69,1614.01,1,Sci-Fi,Friday,Spring,51.94,0.38
1.72,1890.97,1,Thriller,Friday,Fall,198.36,0.68
1.41,1060.86,0,Others,Wednesday,Spring,53.58,0.49
1.83,1189.26,1,Others,Saturday,Spring,48.72,0.39
1.59,1284.86,0,Others,Friday,Fall,54.47,0.4
1.9,1329.48,1,Others,Wednesday,Spring,57.09,0.44
1.49,1010.87,0,Horror,Wednesday,Fall,106.62,0.55
1.75,1172.7,0,Others,Thursday,Spring,46.49,0.42
1.9,1557.2,1,Others,Wednesday,Fall,33.37,0.37
1.62,1469.85,0,Thriller,Sunday,Spring,50.17,0.43
1.54,1714.73,0,Others,Wednesday,Summer,49.98,0.54
1.76,1262.25,0,Horror,Thursday,Summer,53.04,0.43
1.83,1398.05,0,Others,Friday,Fall,55.58,0.42
1.33,1216.54,0,Horror,Wednesday,Summer,54.19,0.44
1.27,1383.58,1,Others,Friday,Fall,88.58,0.48
1.34,1329.48,1,Action,Monday,Summer,138.03,0.58
2.02,1403.8,1,Drama,Wednesday,Fall,56.84,0.51
1.92,1161.18,1,Thriller,Saturday,Summer,55.24,0.4
2.16,1554.74,1,Comedy,Friday,Fall,52.09,0.43
1.46,1557.2,1,Sci-Fi,Saturday,Spring,53.91,0.45
1.54,2122.33,0,Action,Thursday,Spring,56.82,0.45
1.68,1391.57,0,Horror,Sunday,Spring,52.27,0.52
1.85,1329.48,0,Comedy,Friday,Spring,49.52,0.41
1.81,1361.12,1,Thriller,Friday,Fall,56.58,0.45
1.36,2122.33,0,Others,Thursday,Summer,54.68,0.57
1.58,1067.64,1,Others,Sunday,Fall,53.64,0.36
1.5,1690.43,0,Others,Friday,Summer,48.46,0.4
2.34,1629.94,0,Others,Wednesday,Fall,128.97,0.82
1.73,1323.74,1,Thriller,Sunday,Fall,45.27,0.45
1.9,1698.35,0,Action,Thursday,Fall,50.95,0.42
1.6,1388.28,0,Horror,Tuesday,Winter,48.61,0.41
1.6,1311.96,1,Drama,Wednesday,Fall,75.7,0.44
1.62,1654.93,0,Thriller,Wednesday,Spring,50.62,0.4
2.14,1383.58,1,Horror,Friday,Summer,104.01,0.55
1.48,1294.78,1,Thriller,Friday,Winter,153.55,0.55
1.7,1145.37,0,Sci-Fi,Wednesday,Spring,54.39,0.45
2.02,1686.75,0,Horror,Wednesday,Winter,53.96,0.53
1.61,1311.96,1,Others,Friday,Spring,50.73,0.37
1.67,1010.87,1,Comedy,Wednesday,Spring,53.09,0.49
1.84,1199.38,1,Romance,Saturday,Summer,47.48,0.39
1.95,1469.85,1,Others,Wednesday,Summer,118.35,0.7
1.7,1294.78,1,Romance,Thursday,Spring,95.83,0.5
1.59,1890.97,0,Others,Friday,Fall,47.79,0.38
1.58,1639.83,1,Others,Sunday,Spring,52.52,0.44
1.62,1321.7,1,Drama,Saturday,Fall,49.5,0.32
1.8,1231.3,0,Action,Saturday,Fall,55.81,0.48
1.77,1246.03,1,Others,Wednesday,Fall,57.44,0.43
2.14,1346.22,1,Thriller,Saturday,Fall,51.53,0.48
1.41,1246.03,0,Others,Wednesday,Fall,51.27,0.43
1.39,1229.35,0,Horror,Wednesday,Summer,55.1,0.6
1.9,1216.54,0,Thriller,Thursday,Spring,57.69,0.46
1.27,1200.65,0,Horror,Wednesday,Fall,54.45,0.39
1.46,1890.97,0,Thriller,Wednesday,Fall,48.75,0.4
1.81,1216.54,1,Thriller,Wednesday,Winter,80.27,0.5
1.74,1402.24,1,Action,Sunday,Fall,44.28,0.32
1.64,1200.65,0,Others,Saturday,Summer,52.6,0.55
1.59,1890.97,0,Thriller,Friday,Summer,174.62,0.8
1.59,1623.67,0,Horror,Wednesday,Spring,187.34,0.74
1.41,1329.48,1,Romance,Saturday,Spring,53.81,0.35
1.53,1590.19,0,Sci-Fi,Saturday,Summer,50.81,0.5
1.35,1284.86,0,Action,Saturday,Summer,50.33,0.42
1.68,1614.01,1,Action,Monday,Summer,57.66,0.45
1.61,1189.26,0,Others,Friday,Spring,49.09,0.42
1.34,1391.57,0,Others,Wednesday,Summer,55.82,0.4
1.77,1262.25,0,Comedy,Wednesday,Winter,54.29,0.58
1.35,1383.58,1,Comedy,Friday,Spring,145.12,0.65
2.34,2424.2,0,Action,Friday,Winter,60.83,0.53
1.47,1342.77,0,Others,Wednesday,Winter,170.21,0.71
1.35,1614.01,0,Drama,Friday,Winter,56.0,0.44
1.33,1663.8,0,Sci-Fi,Friday,Fall,51.71,0.39
1.92,1469.85,0,Others,Sunday,Winter,46.66,0.52
1.47,1083.48,0,Romance,Saturday,Fall,53.32,0.52
1.92,1113.81,1,Drama,Wednesday,Winter,53.87,0.45
1.47,1067.64,0,Romance,Friday,Summer,50.27,0.38
2.14,2158.03,1,Thriller,Friday,Summer,56.88,0.41
1.81,1439.04,0,Romance,Wednesday,Winter,47.46,0.45
1.47,1190.25,1,Horror,Tuesday,Fall,54.68,0.34
1.95,1140.23,1,Sci-Fi,Saturday,Summer,62.27,0.59
1.53,1210.33,0,Comedy,Wednesday,Spring,48.97,0.42
1.54,1701.97,1,Action,Friday,Fall,50.01,0.33
1.73,1639.83,0,Sci-Fi,Saturday,Spring,54.17,0.49
1.46,1329.48,0,Thriller,Saturday,Spring,52.06,0.51
1.7,1113.81,0,Comedy,Friday,Summer,46.38,0.56
1.92,1336.16,0,Others,Wednesday,Spring,53.15,0.48
2.16,1698.35,0,Sci-Fi,Saturday,Summer,49.6,0.53
1.9,1067.64,0,Others,Wednesday,Summer,51.48,0.57
2.06,1403.8,1,Others,Friday,Summer,52.04,0.48
1.93,1079.19,0,Action,Wednesday,Winter,55.48,0.61
2.06,1639.83,1,Others,Friday,Winter,64.92,0.5
2.34,1146.51,0,Action,Wednesday,Summer,103.19,0.7
1.69,1294.78,1,Comedy,Sunday,Spring,49.62,0.43
1.59,1336.16,0,Action,Friday,Summer,52.42,0.49
1.34,1741.52,1,Sci-Fi,Friday,Spring,115.18,0.55
1.93,1329.48,1,Romance,Friday,Summer,49.39,0.44
1.41,1477.62,1,Comedy,Friday,Spring,51.13,0.4
2.02,1140.23,0,Others,Friday,Winter,56.95,0.55
1.81,1690.43,1,Drama,Friday,Fall,68.23,0.48
1.75,1588.38,0,Others,Wednesday,Fall,57.58,0.51
1.46,1146.51,1,Action,Wednesday,Fall,119.38,0.52
1.44,1700.04,0,Others,Saturday,Winter,49.56,0.46
1.61,1390.62,0,Romance,Thursday,Fall,47.53,0.46
1.81,1554.74,1,Others,Wednesday,Winter,96.42,0.53
1.59,1329.48,1,Thriller,Thursday,Fall,55.2,0.39
1.75,1830.39,1,Thriller,Sunday,Winter,117.99,0.58
1.85,1390.62,0,Drama,Wednesday,Winter,102.68,0.64
1.81,1010.87,0,Thriller,Thursday,Winter,51.54,0.53
2.14,1031.85,0,Drama,Wednesday,Spring,53.83,0.55
1.59,1329.48,0,Thriller,Friday,Spring,55.25,0.43
1.92,1229.35,1,Sci-Fi,Wednesday,Winter,48.74,0.38
1.33,1690.43,0,Sci-Fi,Friday,Summer,56.46,0.47
1.54,1398.05,1,Drama,Friday,Summer,53.75,0.42
2.34,1031.85,0,Others,Monday,Fall,55.96,0.63
2.06,1663.8,1,Others,Friday,Fall,54.91,0.39
1.73,1390.62,1,Drama,Thursday,Winter,45.66,0.4
1.49,1498.41,0,Comedy,Friday,Fall,56.71,0.42
1.92,1590.19,0,Comedy,Wednesday,Winter,48.16,0.59
1.39,1639.83,0,Horror,Thursday,Spring,196.11,0.73
1.27,1190.25,0,Thriller,Friday,Spring,50.98,0.4
1.44,1152.29,1,Romance,Friday,Summer,127.55,0.58
1.62,1342.77,1,Thriller,Wednesday,Fall,120.83,0.57
2.34,1216.54,0,Sci-Fi,Tuesday,Winter,125.03,0.72
1.57,1701.97,0,Others,Wednesday,Summer,54.73,0.51
1.81,1067.64,0,Others,Sunday,Spring,49.34,0.52
1.73,1391.57,0,Comedy,Friday,Spring,51.24,0.38
1.72,1420.88,1,Horror,Friday,Fall,54.68,0.36
1.25,1248.27,0,Romance,Wednesday,Summer,57.28,0.44
1.35,2158.03,0,Action,Wednesday,Summer,55.0,0.54
1.57,1398.05,0,Others,Friday,Summer,51.97,0.36
1.61,1145.37,0,Others,Wednesday,Spring,53.1,0.44
1.68,1525.32,0,Horror,Friday,Fall,50.75,0.42
1.63,1654.93,0,Action,Monday,Winter,50.17,0.51
1.41,1231.3,1,Comedy,Saturday,Winter,53.89,0.4
1.61,1741.52,0,Action,Thursday,Winter,54.32,0.42
1.85,1190.25,0,Others,Friday,Summer,52.92,0.56
1.26,1403.8,1,Sci-Fi,Friday,Winter,50.76,0.27
1.44,1690.43,0,Romance,Friday,Spring,55.9,0.31
1.81,1081.23,0,Sci-Fi,Friday,Fall,51.64,0.44
1.77,1714.73,0,Romance,Friday,Winter,52.3,0.43
1.61,1710.1,1,Action,Wednesday,Spring,48.66,0.34
1.69,1079.19,0,Romance,Sunday,Summer,196.42,0.83
1.39,1407.43,0,Others,Sunday,Summer,61.89,0.5
1.57,1388.28,0,Horror,Thursday,Winter,134.71,0.62
1.63,1388.28,1,Romance,Wednesday,Fall,55.22,0.33
1.61,1663.8,1,Others,Tuesday,Winter,139.08,0.65
1.5,1079.19,1,Drama,Friday,Winter,54.42,0.4
2.14,1398.05,1,Action,Friday,Summer,52.09,0.44
1.72,2424.2,0,Drama,Wednesday,Spring,58.58,0.61
2.06,1146.51,1,Horror,Friday,Spring,52.49,0.36
1.81,2162.24,0,Romance,Thursday,Fall,49.67,0.36
1.35,1321.7,1,Drama,Wednesday,Spring,47.58,0.34
2.06,1928.85,0,Comedy,Wednesday,Winter,53.57,0.55
1.46,1113.81,0,Others,Saturday,Spring,56.12,0.47
1.81,1231.3,1,Action,Monday,Fall,60.63,0.37
1.35,1663.8,0,Thriller,Wednesday,Spring,52.91,0.47
1.68,1336.16,1,Others,Friday,Summer,48.28,0.32
1.39,1557.2,0,Sci-Fi,Wednesday,Fall,53.88,0.51
1.76,1388.28,1,Others,Friday,Spring,183.64,0.67
1.57,1830.39,1,Sci-Fi,Friday,Fall,56.06,0.41
1.59,1113.81,0,Others,Wednesday,Fall,52.02,0.45
1.84,1477.62,1,Drama,Wednesday,Summer,53.56,0.49
2.03,1119.9,0,Horror,Saturday,Spring,59.73,0.56
1.46,1113.81,0,Others,Friday,Fall,48.49,0.39
1.77,1469.85,0,Horror,Friday,Winter,48.54,0.47
1.46,1060.86,0,Others,Wednesday,Fall,38.82,0.44
1.7,1336.16,1,Thriller,Friday,Fall,76.84,0.43
1.9,1031.85,1,Others,Friday,Summer,54.49,0.46
1.73,1342.77,0,Comedy,Saturday,Winter,51.76,0.48
1.7,1741.52,0,Others,Wednesday,Fall,52.27,0.53
1.85,1346.22,0,Thriller,Wednesday,Spring,46.44,0.44
1.81,1498.41,0,Sci-Fi,Friday,Fall,58.16,0.53
1.54,1402.24,0,Thriller,Friday,Winter,49.28,0.41
1.79,1010.87,0,Sci-Fi,Friday,Summer,54.53,0.4
1.48,1390.62,1,Action,Saturday,Winter,55.97,0.41
1.57,2158.03,0,Sci-Fi,Wednesday,Winter,56.09,0.46
1.53,1686.75,0,Horror,Thursday,Summer,50.57,0.49
1.25,1469.85,1,Others,Wednesday,Winter,79.3,0.43
1.41,1890.97,0,Others,Saturday,Spring,45.14,0.4
1.75,1420.88,0,Drama,Wednesday,Summer,52.67,0.42
2.34,1391.57,0,Action,Sunday,Winter,53.62,0.55
1.76,1140.23,1,Drama,Wednesday,Spring,53.75,0.31
1.83,1890.97,0,Sci-Fi,Sunday,Winter,50.08,0.42
1.35,1067.64,1,Comedy,Wednesday,Winter,47.12,0.42
2.34,1357.74,0,Drama,Friday,Winter,52.64,0.58
1.9,1189.32,1,Others,Friday,Spring,54.27,0.42
2.03,1119.9,1,Comedy,Wednesday,Winter,53.89,0.43
1.73,1469.85,0,Romance,Friday,Fall,58.69,0.43
1.83,2424.2,0,Others,Thursday,Summer,137.22,0.71
1.54,1361.12,0,Romance,Friday,Fall,53.63,0.33
1.55,1248.27,0,Sci-Fi,Saturday,Spring,53.56,0.54
2.14,1629.94,0,Romance,Saturday,Summer,182.33,0.89
1.34,1383.58,0,Others,Sunday,Winter,62.49,0.46
1.59,1294.78,0,Drama,Friday,Summer,52.55,0.44
1.81,1119.9,0,Thriller,Friday,Winter,57.09,0.48
1.26,1402.24,1,Comedy,Wednesday,Winter,58.78,0.31
1.57,1383.58,0,Thriller,Friday,Summer,104.37,0.57
2.03,1190.25,1,Others,Wednesday,Winter,55.86,0.45
1.46,1342.77,0,Action,Wednesday,Summer,122.57,0.6
1.58,1311.96,0,Romance,Friday,Fall,48.58,0.36
1.34,1329.48,0,Action,Friday,Summer,72.42,0.56
1.62,1359.8,1,Sci-Fi,Wednesday,Fall,150.44,0.66
2.06,1698.35,0,Romance,Monday,Summer,48.72,0.47
1.36,1140.23,0,Comedy,Saturday,Summer,52.94,0.49
